{"cameraMode":{"drawMode":0,"name":"Shaded","section":"Shading Mode"},"sceneLighting":true,"audioPlay":false,"sceneViewState":{"showFog":true,"showMaterialUpdate":false,"showSkybox":true,"showFlares":true,"showImageEffects":true,"showParticleSystems":true},"in2DMode":false,"pivot":{"x":-2.2243502140045168,"y":1.4652245044708253,"z":-18.954830169677736},"rotation":{"x":0.0006484611658379436,"y":0.9987031817436218,"z":0.013171764090657235,"w":-0.049173787236213687},"size":22.0,"orthographic":false}